{
  "timestamp": "2026-04-18T12:18:37.640Z",
  "seed": 42,
  "iterations": 1000,
  "warmup": 100,
  "measurements": {
    "forward": {
      "total_ms": 3.0426,
      "avg_us": 3.0426
    },
    "push": {
      "total_ms": 0.10210000000000008,
      "avg_us": 0.10210000000000008
    },
    "trainStep": {
      "total_ms": 21.474199999999996,
      "avg_us": 21.474199999999996,
      "batch_size": 16
    }
  },
  "per_frame_infra_us": {
    "upper_bound": 24.618899999999996,
    "percent_of_budget": 0.1476838632273545,
    "frame_budget_us": 16670
  },
  "gate": "PROCEED",
  "gate_reason": "Per-frame infra 0.15% ≤ 30% gate. Continue to scripts/measure-floor.js.",
  "node_version": "v22.18.0",
  "platform": "win32 x64"
}